day,ym,RM_monthly,rf_monthly,RM_RF_monthly,SMB_ew,HML_ew,MOM_ew,SMB_vw,HML_vw,MOM_vw
01feb1983,1983m2,.18727447,.0082833329,.17899114,-.024949228,.086492196,-.0051885545,-.016267844,.11588331,-.020791151
01mar1983,1983m3,.0043055415,.008869445,-.0045639034,.026222918,.089528657,.047448825,.010760807,.075268626,.05995455
01apr1983,1983m4,.086422555,.0090833334,.077339225,-.037991844,.069936156,.057931311,-.08252193,.064526707,.095549896
02may1983,1983m5,-.00988835,.009213889,-.019102238,.062749296,.0082531795,.032977447,.05404219,-.030227847,.029702187
01jun1983,1983m6,-.032938693,.0092083337,-.042147025,.02945471,-.10172828,.050174966,.0059174742,-.083443716,.061916236
01jul1983,1983m7,.093333334,.0098597221,.083473608,-.027430519,.03336126,.044065695,.0097039342,.035959844,.024703909
01aug1983,1983m8,.083902441,.0097736111,.074128829,.0066406354,-.013643105,.004539378,.05418938,-.008107014,-.0088374242
01sep1983,1983m9,-.01632436,.0092083337,-.025532693,.079056777,-.049937464,-.039759777,.072166584,-.026708938,-.052292388
03oct1983,1983m10,-.015576259,.010419445,-.025995705,.013717439,.0075949579,.019755224,.024320798,.0086790975,.013577666
01nov1983,1983m11,.076789826,.010083334,.066706493,.000011198223,.019366696,.011482891,.0018857078,.0087029459,-.0049322583
01dec1983,1983m12,-.044122264,.010376389,-.054498654,-.022706119,-.031681389,.017071005,-.020425765,-.025583215,-.0093308305
02jan1984,1984m1,.091927834,.010161111,.081766725,-.013081845,.06668558,-.0341116,-.0036298458,.053427719,-.038100515
01feb1984,1984m2,-.022649525,.0088611115,-.031510636,.022144619,.018918343,-.0027680967,.018370545,.019215453,.00045433082
01mar1984,1984m3,.038521454,.0096875001,.028833954,-.0064865947,.051219627,-.035688803,.0073235058,.055769347,-.030292289
02apr1984,1984m4,-.037722223,.00875,-.046472222,.020435089,-.0054724887,-.030119959,.0080570811,.0073984452,-.00635463
01may1984,1984m5,-.072108999,.008998611,-.081107609,.030857559,.025173219,.036001503,.025783652,.033338346,.035246193
01jun1984,1984m6,.034055084,.0096666673,.024388418,.0085577434,-.016599407,-.0070892824,.01260963,-.01442598,-.011209084
02jul1984,1984m7,.003690481,.011797222,-.0081067411,.0087410202,.014725011,-.019076796,.0079413122,.0077294139,-.011971965
01aug1984,1984m8,-.02020303,.011754166,-.031957194,.015888814,-.0073736124,.0025246763,.0018238438,-.0080471439,-.0050044814
03sep1984,1984m9,-.042320166,.011375,-.053695165,-.018430931,-.014344888,.046740741,-.031114774,-.04607683,.039982967
01oct1984,1984m10,-.019571513,.011711111,-.031282626,-.0079336483,-.017441452,-.010620235,-.0075305388,-.048132069,.016359106
01nov1984,1984m11,-.04335643,.0095416661,-.052898094,.014945728,.027079023,-.047445372,.036863104,.029411068,-.01861901
03dec1984,1984m12,.0042233374,.0099027781,-.0056794407,-.022050725,-.0048385775,.033873811,-.015860692,-.021061759,.035377368
01jan1985,1985m1,.05636828,.0099027781,.046465501,-.016178781,.06343358,-.060175776,-.047649302,.06625212,-.054833971
01feb1985,1985m2,-.019713186,.0105,-.030213185,.02607899,.032704573,-.041054603,.0067784386,.03736452,.00062190834
01mar1985,1985m3,-.019738423,.011668055,-.031406477,.0024500245,.036936685,-.0084318602,.00151939,.025586013,-.028072957
01apr1985,1985m4,.038467534,.011375,.027092535,-.010397135,.036279481,.00062304875,-.0034966022,.046212457,.0066038445
01may1985,1985m5,-.050684225,.011711111,-.062395334,.010360662,.011968942,.048254881,.0096920086,.013971221,.0032542236
03jun1985,1985m6,-.014437742,.013416667,-.027854409,-.0048193359,.015501745,.024842698,-.0055953306,.0054086568,.015574163
01jul1985,1985m7,.02865658,.013838056,.014818524,-.00054986769,.0063807811,.0028659063,-.014492866,-.0095564974,.0008132339
01aug1985,1985m8,-.0021618009,.013476389,-.015638189,.02423634,.014681433,.021247707,.03320666,.036232691,.022955086
02sep1985,1985m9,.012529873,.013308333,-.00077845994,-.030608838,.018196512,-.0072927736,-.035294805,.0075644543,.0025134475
01oct1985,1985m10,.040587638,.013131944,.027455693,-.01359411,.0095359664,-.013216333,-.015798008,.0168084,.016263522
01nov1985,1985m11,.108068,.012483333,.095584668,-.050539903,.01974467,.00069899252,-.064154387,.039515808,.022478223
02dec1985,1985m12,.090029076,.011142777,.0788863,-.0022455368,.016879808,.025885127,.0081784725,.029424377,.034156077
01jan1986,1986m1,.025027204,.010893055,.014134149,-.0074803792,.023271589,-.0049011298,-.016919432,-.008635954,-.0074429521
03feb1986,1986m2,.033559345,.0088277785,.024731565,.0014378624,.028690981,.01009143,.014051316,.078773633,-.0093781482
03mar1986,1986m3,.13175072,.009558334,.12219238,-.041723605,-.012158321,.011749044,-.042138435,.0063964631,-.0081290901
01apr1986,1986m4,.071665913,.0088333338,.062832579,.016072704,.041709937,.025936538,.03205014,.042716168,.039076805
01may1986,1986m5,.081351675,.0094722221,.071879454,.029970167,.053656884,-.048241995,.081872575,.11501277,-.060215116
02jun1986,1986m6,.016799504,.0083333338,.0084661702,.033969063,-.0083196191,-.027577747,.028652558,-.014618458,-.032726768
01jul1986,1986m7,.038000472,.0085077779,.029492695,.0083348146,.030866299,-.036016144,.037497699,.0089664487,-.010053223
01aug1986,1986m8,.018047344,.0080083339,.01003901,.076809943,-.0024219388,.027365355,.11844744,.040448837,-.016120762
01sep1986,1986m9,.0022805822,.0076916665,-.0054110843,.0094254902,-.003561409,-.028400458,.028595101,-.0081622666,-.033112846
01oct1986,1986m10,.078149192,.0073452774,.070803918,-.03083354,-.065689012,.046002612,-.037373982,-.06632404,.044052694
03nov1986,1986m11,-.040599197,.006858333,-.047457531,.027058594,-.0083544739,.0091555919,.034883387,-.010665089,.012945522
01dec1986,1986m12,-.0034924198,.0077499999,-.011242419,.0025593706,.0057244357,-.0024086549,.034957863,.027904429,-.010262182
01jan1987,1987m1,-.11819123,.0080083339,-.12619957,.0085071372,.019429997,-.033456367,.0098954886,.020865783,-.031203765
02feb1987,1987m2,.13336173,.007855556,.12550618,-.053268198,-.0054309927,.032296136,-.042583,-.020725802,.009012945
02mar1987,1987m3,.046566702,.0099027781,.036663923,-.018893594,.017188914,.0010422505,.016736316,-.0018302975,.034782015
01apr1987,1987m4,.088217057,.0086416667,.07957539,-.068137474,.062629901,-.02695654,-.055969298,.056836527,-.028839147
01may1987,1987m5,-.027541738,.0077499999,-.035291739,.054078653,.0065892497,.0015078199,.068366587,-.0051372317,.0076749637
01jun1987,1987m6,.021012593,.0075416667,.013470926,-.0054341555,.005254867,.038083628,.0039480715,.010923521,.034969363
01jul1987,1987m7,.08382082,.0077499999,.076070823,-.00018422554,-.0026879273,.00029970333,.012589189,-.0068164766,-.0016952455
03aug1987,1987m8,.029328156,.0074313888,.021896768,.0039481637,.039565504,.0047654752,.018471459,.031046722,.0086577423
01sep1987,1987m9,.062445283,.0074999998,.054945283,.020913361,.054702055,.0028842185,.016055519,.052142985,-.0068279169
01oct1987,1987m10,-.20507136,.0075347223,-.21260609,.0004655222,-.018270612,.011018753,-.0027273495,-.041051716,.041749276
02nov1987,1987m11,-.14226483,.0075666667,-.14983149,.010481971,.0045167804,.021816265,.029664384,-.0028328821,.012009166
01dec1987,1987m12,.029090773,.0074916664,.021599106,-.027137801,.0035828166,.019048687,-.0046579815,-.0090448568,.033934016
01jan1988,1988m1,.11982906,.0077499999,.11207906,-.015564208,.093751907,-.077206261,-.037695289,.077457801,-.058320105
01feb1988,1988m2,.025502978,.0072499998,.018252978,.0095530255,.023433637,-.024230316,.011440825,.025714753,-.0086206114
01mar1988,1988m3,.033418372,.0078274999,.025590872,.0042461916,.083179176,-.02676646,.0044857976,.077765092,-.0357747
01apr1988,1988m4,.03206227,.0077500003,.024312269,.011171691,.013991064,-.031833667,-.014770611,.0090405159,-.032730576
02may1988,1988m5,.071809113,.009041667,.062767446,-.017730309,.040092174,-.015657511,-.011546974,.025943704,-.0047688708
01jun1988,1988m6,-.0051090042,.0083333338,-.013442338,.042812966,-.017339159,.017008228,.046983358,-.020271026,.025770649
01jul1988,1988m7,.042982146,.008826389,.034155756,-.002597959,.0076913424,-.0017284844,-.0044776667,-.0047280723,-.0042536948
01aug1988,1988m8,-.034616377,.009041667,-.043658044,.0041693277,-.0072166268,.03276711,.028221309,-.00046505337,.027185958
01sep1988,1988m9,.057832524,.0086666662,.04916586,.00092078,.014329487,-.018183701,-.011567065,.023940653,-.023659727
03oct1988,1988m10,.049205437,.008955555,.040249884,-.025864782,.016088082,.024037637,-.00064006884,-.0055373115,.01538058
01nov1988,1988m11,.0053168545,.0086666662,-.0033498118,-.0038956255,-.01058884,-.015363219,.0050808238,-.016274162,-.022838872
01dec1988,1988m12,.059760232,.008946945,.050813287,-.030477172,.025071172,-.011560587,-.035088632,.029107219,-.010499928
02jan1989,1989m1,.058609199,.008955555,.049653642,-.025097914,.045699999,.043086112,-.044594705,.051222831,.020477386
01feb1989,1989m2,.0081340279,.0080111111,.00012291688,.0061216457,.01517228,.017105373,-.0049902387,.024726901,.029467816
01mar1989,1989m3,.043792587,.0096875001,.034105085,.0034654401,-.025402632,.025686996,-.012199504,.00012062595,.023974309
03apr1989,1989m4,.010895927,.0093750004,.0015209261,-.0095778294,.022267142,-.02003851,-.0069507193,.035158627,-.0068650595
01may1989,1989m5,.04697179,.0096444441,.037327345,-.0087547926,.0011655558,.028502218,-.0097373966,.0038380041,.029011218
01jun1989,1989m6,.04389371,.009333333,.034560375,-.057043221,-.00051209889,.03465838,-.057572592,-.020584377,.045261953
03jul1989,1989m7,.069527648,.010057778,.059469871,-.035257801,.0050521935,.0033133582,-.046651643,.010222023,-.0092283189
01aug1989,1989m8,.029632347,.010247222,.019385125,-.030604489,-.014585469,.011151111,-.017327612,-.022911927,.024136258
01sep1989,1989m9,-.047316782,.0097500002,-.057066783,.019211687,.00022666226,.015153216,.035993487,.0053871693,.016787097
02oct1989,1989m10,-.063040793,.010247222,-.073288016,.048832908,-.041351344,-.026457449,.031196689,-.03037424,-.0063865278
01nov1989,1989m11,-.026584722,.009883333,-.036468055,.014925634,-.035689276,-.0037702024,-.0082111945,-.02411326,-.029640848
01dec1989,1989m12,.076980546,.0099888891,.066991657,-.02921644,-.0017829025,.021171266,-.051562391,-.020934042,-.032780845
01jan1990,1990m1,-.018231709,.010591667,-.028823376,-.28638437,.20507158,-.06123282,-.26573536,.23308675,-.06836684
01feb1990,1990m2,-.051540334,.0097222226,-.061262555,.019192901,-.00048264675,-.011902535,.045435239,-.0036334675,-.023282526
01mar1990,1990m3,-.028017668,.012486111,-.040503778,.0091227954,-.0086271688,-.0044392124,.03735771,-.034860246,-.0021960856
02apr1990,1990m4,.010390667,.012291667,-.0019009998,-.022379547,.011319182,.022762099,-.022835007,.013018794,.025364101
01may1990,1990m5,.11216873,.011452778,.10071595,-.053289495,-.0068180845,-.018337376,-.089993194,-.033626013,.006554652
01jun1990,1990m6,.035773348,.010458333,.025315015,-.013072731,.033538014,-.00099781621,-.031085787,.021078911,.0079476936
02jul1990,1990m7,.0038517793,.010410833,-.0065590539,.019662559,.024547137,-.018433588,.010958858,.031079294,-.024635836
01aug1990,1990m8,-.1179892,.010505555,-.12849475,-.01865866,.020565141,.024091955,-.034230314,.0014459752,-.034943204
03sep1990,1990m9,-.21523061,.0107,-.22593062,.08486744,-.064532146,-.070772596,-.004897058,-.13752869,-.02650021
01oct1990,1990m10,-.010499745,.010806944,-.02130669,.012067619,-.015669046,.046811126,.0053746044,-.031214947,.099559002
01nov1990,1990m11,-.064506017,.013374999,-.077881016,.006990748,.020664316,-.060398679,-.029999273,-.018474448,-.055543285
03dec1990,1990m12,.032778271,.012313889,.020464381,-.081224687,.048621755,-.081696004,-.084741823,.033818197,-.078827374
01jan1991,1991m1,.11617952,.012184722,.10399479,-.11811933,.10090465,-.093683377,-.16033635,.074603938,-.11775134
01feb1991,1991m2,.10246778,.010118889,.092348889,.0025519133,.021223035,-.11032581,-.030656459,.052572705,-.10783619
01mar1991,1991m3,.022098975,.010436666,.011662309,-.060629897,.066294603,-.0081588356,-.073601454,.072311416,.0041345153
01apr1991,1991m4,-.033512812,.010033334,-.043546148,-.061842434,.053961635,.040528394,-.054564741,.03343172,.015671384
01may1991,1991m5,.076147594,.010462499,.065685093,-.042326193,-.0020280979,-.037180517,-.12749568,.035851151,-.0074425098
03jun1991,1991m6,.021337803,.0093750004,.011962803,-.097589873,-.0038864671,.012799121,-.098359846,-.015974201,.035152137
01jul1991,1991m7,-.012658644,.008869445,-.021528088,.074026637,-.088829987,.11946414,.022448467,-.098443359,.10909458
01aug1991,1991m8,-.017143352,.008826389,-.02596974,-.097061023,.05578354,.06199025,-.12267372,.0055184318,.069441065
02sep1991,1991m9,-.056582838,.0085583339,-.065141171,-.015147195,-.10216336,.016573962,-.0069129462,-.084924877,.028070383
01oct1991,1991m10,-.018918803,.008688611,-.027607415,-.048729543,.039740633,.15467541,-.065202385,-.012940516,.085917212
01nov1991,1991m11,-.0598538,.0087083336,-.068562135,.08383815,-.079080351,-.057796307,.057939019,-.022100314,-.050217353
02dec1991,1991m12,-.038969927,.010281666,-.049251594,-.08299312,-.015130466,.068063416,-.075367115,-.065555558,.08771085
01jan1992,1992m1,.057346277,.0118575,.045488775,.041333877,.11315017,-.046577167,-.056872189,.11980719,-.053510502
03feb1992,1992m2,-.030454211,.0098599996,-.040314212,.013066129,-.094562687,.21699017,-.037524864,-.088668667,.076881506
02mar1992,1992m3,.063263565,.010264444,.05299912,.0058566225,.068014979,-.0038826317,.042423811,.051218674,-.107433
01apr1992,1992m4,-.0094489474,.0096000005,-.019048948,.010251936,-.075407244,.014015636,-.0036173614,-.032912206,.0054520369
01may1992,1992m5,.026391709,.010419445,.015972264,-.046886418,.0032947394,.10124179,-.097087018,.020748558,.035116579
01jun1992,1992m6,-.076299712,.0094166668,-.085716382,.046871476,.054856792,.05411059,-.0052369884,-.027242135,.06569282
01jul1992,1992m7,-.056393355,.0099113891,-.066304743,.096673951,.019510642,-.058326736,.073239028,.05205293,-.061311767
03aug1992,1992m8,-.1033027,.010531388,-.11383409,.030231651,.050251998,-.011580803,-.030310027,.0053813905,.048986182
01sep1992,1992m9,-.098305531,.013,-.11130553,.020029992,-.032739878,.063019067,.017377708,-.10915609,-.017976573
01oct1992,1992m10,.014689734,.022388889,-.0076991543,.007036672,.061238755,-.20927727,.035869256,-.0057759322,-.055258233
02nov1992,1992m11,.27512556,.0105,.26462555,-.16898717,.16937958,-.1373609,-.13084562,.20563732,-.2377573
01dec1992,1992m12,.012418333,.010548611,.0018697213,.16075416,-.032256886,-.024675345,.057145454,.0092939772,-.010433476
01jan1993,1993m1,-.019241262,.009196667,-.028437929,.0068874825,.21445107,-.083199799,.062418003,.057414308,-.054180238
01feb1993,1993m2,.11761575,.0077155558,.1099002,.051799521,.073379986,-.32316324,.02908876,.017896526,-.1582119
01mar1993,1993m3,-.0053391051,.0084474999,-.013786605,-.051085565,.015118853,.056503002,-.00038376093,.017816812,.022023892
01apr1993,1993m4,.040178441,.0083916662,.031786773,-.069208331,-.072365575,.095754862,-.033164829,-.054622989,.062050391
03may1993,1993m5,.076590493,.0079911109,.068599381,.25041556,.13142687,-.27363893,.065086,-.0018491261,-.0077699777
01jun1993,1993m6,-.011555751,.0070250002,-.018580751,-.027099228,.039915062,.10973815,-.0012189569,.011340801,.027826024
01jul1993,1993m7,.11074195,.0073538888,.10338806,.12378565,.14886796,-.27675861,.065864712,.044171456,-.13957939
02aug1993,1993m8,.065204695,.0070869438,.058117751,-.057034254,-.002060961,-.03949713,.0020620453,.020442542,-.012727428
01sep1993,1993m9,.010545613,.0065000001,.0040456131,.088982053,-.12865157,.052866377,.01200245,-.045894153,.054652233
01oct1993,1993m10,.10145626,.0067424998,.094713762,.015712285,-.068011932,-.00034233183,-.023301369,.055795863,-.0059524626
01nov1993,1993m11,-.085935786,.0060833334,-.092019118,-.05313234,-.013826326,.13431774,-.016031804,-.0035572015,.050838482
01dec1993,1993m12,.076099381,.0064841667,.069615215,-.0066569238,.036922064,-.016807485,-.013353657,.012043272,.0045890105
03jan1994,1994m1,.14352997,.0062602777,.13726969,.085289814,.059565,-.07492011,.10117544,.081422515,-.018510021
01feb1994,1994m2,-.040545024,.0053588888,-.045903914,.090806715,-.047833864,.039927471,.079954416,-.036455274,.047128387
01mar1994,1994m3,-.08770749,.0061913892,-.093898878,-.025056904,-.00074772537,-.028035335,-.029562267,-.00029951334,-.01092758
01apr1994,1994m4,.060684934,.0059416667,.054743268,-.047764417,-.018845901,.00684977,-.068401285,.0080380905,-.002739639
02may1994,1994m5,.0065756557,.0060622222,.00051343348,.015214455,-.053269058,-.000057747122,-.019047115,-.025998602,-.007803808
01jun1994,1994m6,-.070089236,.0057333335,-.075822569,-.038644005,.038381208,.01458237,-.028752819,.04089402,.017084619
01jul1994,1994m7,.066814631,.0059933332,.060821299,-.046085298,-.0027926094,-.00037080026,-.080565847,.0072160796,-.01544295
01aug1994,1994m8,-.0079212077,.0061483332,-.01406954,-.016804125,-.031443156,.030331012,-.030577943,-.026196305,.0043965676
01sep1994,1994m9,-.027604086,.0061166668,-.033720754,-.0048674084,.0036055036,.03409661,.025375012,.01042519,.0085767349
03oct1994,1994m10,.051487647,.0064411112,.045046534,.030153068,.057616778,-.034624051,.02386412,.024384113,-.015164873
01nov1994,1994m11,.014658425,.0061916667,.0084667578,.011696843,.015098999,.03457595,.011741509,.020847064,.038106915
01dec1994,1994m12,-.023904677,.0067511112,-.030655788,.013454425,-.0046349368,.012299666,.013978884,-.010050636,.020824673
02jan1995,1995m1,.029163936,.0068113888,.022352546,.010320171,-.0050597675,.022013314,.011558001,.0026347553,.0076780664
01feb1995,1995m2,-.0010430416,.0057711112,-.0068141529,.0072389287,-.020185951,.0036293517,.016477492,-.01771589,.0066915918
01mar1995,1995m3,-.034918316,.0070094448,-.041927762,-.033738662,-.068602636,.01676853,-.06113207,-.10617219,.040902074
03apr1995,1995m4,.079568192,.0070333332,.072534859,-.034001302,-.04060125,.043112289,-.032380864,-.039344776,.016608912
01may1995,1995m5,.025032038,.0073625003,.017669538,-.016732346,.047745068,-.0599728,-.028942667,.038873821,-.056164645
01jun1995,1995m6,.040165517,.0071083331,.033057183,-.0073067811,-.00075549213,-.010084772,-.015915485,.00070157833,-.0090826377
03jul1995,1995m7,.04079055,.0079049999,.032885551,-.019107347,-.028334564,.014266578,-.025967602,-.027912982,.003786773
01aug1995,1995m8,.0063201254,.0078361118,-.0015159864,-.02728194,.023450173,-.0023144255,-.055533756,.028700808,.031734005
01sep1995,1995m9,.070634216,.0074499995,.063184217,.021588821,-.030564826,.01469039,.0082086576,-.027847037,.013584428
02oct1995,1995m10,-.069546275,.0076122223,-.077158496,.012534603,.039315335,-.04016421,.021844162,.040065259,-.049774483
01nov1995,1995m11,.015604303,.0071416665,.0084626367,-.0079037696,.011924698,-.0096568763,-.0035340122,.014766537,-.031781569
01dec1995,1995m12,-.0029947252,.0076638884,-.010658613,-.013798825,-.00076727179,-.029696491,-.023152538,.014679493,-.057447117
01jan1996,1996m1,.017509889,.0074141663,.010095723,.0036877978,-.017548604,-.0030654697,-.010702251,-.010007515,.0034225048
01feb1996,1996m2,.056439862,.0063316668,.050108194,.0015309356,-.062838107,.019126318,-.073646113,-.012652622,-.01488361
01mar1996,1996m3,.017372815,.0064066667,.010966148,.005564129,.0042690877,-.012799562,.0046754861,.015600944,-.018818613
01apr1996,1996m4,.028882999,.0058166669,.023066333,-.026674263,-.0084150806,-.022114411,-.022911789,.043128576,-.053351469
01may1996,1996m5,.040285528,.0053561111,.034929417,.03132318,-.0053929407,-.011015734,.031141909,-.010644395,.0026915278
03jun1996,1996m6,.0066684862,.0050916667,.0015768195,-.0060052807,-.014500644,.0011857357,-.0015080967,.011676569,-.010124033
01jul1996,1996m7,-.041458637,.0049083331,-.046366971,.0055427542,.037759341,.0074524926,.023618838,.028758632,-.015688337
01aug1996,1996m8,.05519671,.0046155555,.050581153,-.015489215,.025051702,-.027228428,-.032583922,.033286527,-.01820422
02sep1996,1996m9,.043461658,.0041750004,.039286658,-.0086893048,.020981483,.0034978846,.016585268,-.016610505,.02065495
01oct1996,1996m10,.02248724,.0041075,.01837974,.0428541,-.041818395,-.012074314,.054533731,-.050712135,.02471401
01nov1996,1996m11,.081235565,.0037333334,.077502228,.043865595,-.032926992,.047105286,.04832207,-.047057509,.050470889
02dec1996,1996m12,.037408024,.0036855557,.033722468,-.007322446,.023661111,-.026279468,.0064587551,.027243473,.0010151258
01jan1997,1997m1,.070453256,.0031947223,.067258537,.0029752329,.046281621,-.020851389,-.012157192,.028042786,-.021519518
03feb1997,1997m2,.045576926,.0030022222,.042574704,.010864552,.0079504307,.017658725,.00622168,.030133082,.04066404
03mar1997,1997m3,.03762592,.0035219446,.034103975,-.016542632,.012152928,.027715966,-.048031949,.012292435,.037253238
01apr1997,1997m4,-.022308405,.0033416669,-.025650073,.0051266118,.00047272351,-.0049128761,-.0075775813,.0012647607,-.024188161
01may1997,1997m5,.064503752,.0035133332,.060990419,-.0058230325,-.020067278,.013782447,-.01060884,-.041834891,-.0020459369
02jun1997,1997m6,.06688901,.0033750001,.063514009,-.057916954,.0098324297,-.018859945,-.074345946,-.021388616,.0092842598
01jul1997,1997m7,.056477472,.0035305554,.052946918,-.029846963,-.0027644914,.0092088096,-.037485585,-.010193024,.023158658
01aug1997,1997m8,-.048227102,.0035649999,-.0517921,.08026661,-.015660023,-.0064429455,.1017447,-.017061055,-.0057933358
01sep1997,1997m9,.067774743,.0033583336,.064416409,.020857511,-.016460413,-.0129386,.01760089,-.018720288,.03158991
01oct1997,1997m10,-.11219064,.0035563889,-.11574703,.00083943456,-.0021801554,.022863694,.0051692897,.012113471,.061759863
03nov1997,1997m11,.049210146,.0034583334,.045751814,-.0049671312,-.033257011,.029982602,-.016511036,-.036337815,.020240568
01dec1997,1997m12,-.0081570623,.0037458332,-.011902896,.023579715,-.0075189117,.021700053,.059792485,.023723051,-.050160691
01jan1998,1998m1,.034766071,.0037372224,.031028848,-.0067569581,.031508602,-.049044318,-.043561507,.0087046027,-.015352597
02feb1998,1998m2,.075763933,.0032511109,.07251282,.017653054,-.023934521,.053085301,-.0048963814,-.02529034,.011605105
02mar1998,1998m3,.066787153,.0038405557,.062946595,-.017694376,-.017614432,.015109269,-.0089045791,-.031811357,.010963025
01apr1998,1998m4,.026828798,.0036666668,.02316213,-.011412152,-.040600494,.029113537,-.026676992,-.020016795,.014760505
01may1998,1998m5,.040262472,.0038836114,.03637886,.0097679654,-.061577033,.030630179,.0087167304,-.065575704,.037584215
01jun1998,1998m6,.0092111798,.0035666667,.0056445133,.010786314,-.016272195,.029069258,.0077075916,-.041434031,.03727033
01jul1998,1998m7,-.0044845911,.0035822222,-.0080668135,.044541959,-.016833294,.021720883,.044961244,-.027655536,.047498319
03aug1998,1998m8,-.14430465,.0035994444,-.1479041,.011016999,-.019116811,.021143049,.0067652091,-.0079493895,.04948974
01sep1998,1998m9,-.10315871,.0034999999,-.10665871,-.0052359523,.053304069,-.017284337,.0067346343,.040502369,-.015467543
01oct1998,1998m10,.044211086,.0036511109,.040559974,-.053122979,-.0045765429,.035974089,-.070211187,-.013415514,.053153921
02nov1998,1998m11,.12301784,.0032916667,.11972617,.040826518,-.10926047,.033063367,.023899468,-.11959033,-.0045018215
01dec1998,1998m12,-.013941241,.0031344446,-.017075686,.0045777191,-.003492353,.03426066,.0092651555,-.012366308,.044657022
01jan1999,1999m1,.023983434,.0029794446,.02100399,.024602039,.011541184,-.034313522,-.05287898,.019920064,-.024722744
01feb1999,1999m2,.014703665,.0024422223,.012261443,-.007201042,.097798213,-.049398221,-.020607714,.084271222,-.036335878
01mar1999,1999m3,.026382765,.0027727778,.023609987,-.023932202,.074292339,-.049827203,-.044027317,.053345565,-.062983528
01apr1999,1999m4,.061878465,.0024000001,.059478465,-.0076525211,.020208038,-.061424211,-.033586647,.018574469,-.053491831
03may1999,1999m5,-.00027738709,.0024584723,-.0027358592,.0043232571,.015599757,.032443937,.044577964,-.011332131,.017062146
01jun1999,1999m6,.055232264,.0024666667,.052765597,-.047120493,-.010475254,.027241843,-.063165978,-.0015541324,.041271091
01jul1999,1999m7,-.0061652875,.0025144445,-.0086797317,.018780351,.0033567632,-.010146696,-.012894188,.0058355853,.0073953094
02aug1999,1999m8,.019106286,.002566111,.016540175,-.027383281,-.0090881763,.013345981,-.01033462,.013607504,-.027449477
01sep1999,1999m9,-.0011758,.0024666667,-.0036424669,.09143357,-.032316893,-.05643031,.048225671,-.023651324,-.017556051
01oct1999,1999m10,.080923423,.0026866666,.078236759,-.0036703146,-.028851185,.015515299,-.05595018,-.090078197,.065571435
01nov1999,1999m11,.11794396,.0026166667,.1153273,.13017657,-.23590794,.075558916,.082148544,-.14593953,.10040118
01dec1999,1999m12,.16236894,.0028588888,.15951005,.071715437,-.21014793,.021804109,.057264507,-.083410263,.021050531
03jan2000,2000m1,.02221629,.0029105556,.019305734,.30689421,-.35744843,-.046311311,.17123508,-.36117226,-.00083737355
01feb2000,2000m2,.15779929,.0027952779,.15500401,-.019337179,-.24977657,.07563924,.14565121,-.20592496,.045179322
01mar2000,2000m3,-.037858687,.0034013889,-.041260075,.033881381,.030432224,-.027702149,.032242786,.050045364,-.055211421
03apr2000,2000m4,.018646043,.0031916667,.015454376,-.034741994,.091988891,-.10122128,-.069834881,.048988014,-.047696464
01may2000,2000m5,-.027767355,.0034100001,-.031177355,-.072592482,.038273305,-.030353833,.075202271,.050970376,-.12014773
01jun2000,2000m6,-.047063187,.0031666667,-.050229855,-.05249875,.13027966,-.051949549,-.063756958,.10912885,-.012848002
03jul2000,2000m7,.0086187581,.0033583334,.0052604247,-.016859975,-.0048845755,-.0085626524,-.0294393,-.0024713683,.016323617
01aug2000,2000m8,.018490879,.0034013889,.01508949,.013335302,-.054739274,.054777201,.0044793799,-.0042571425,.056808792
01sep2000,2000m9,-.082443327,.0031833332,-.085626662,.0067679998,.082988933,-.11463221,.084050663,.078433447,-.13056034
02oct2000,2000m10,-.031953584,.0034186111,-.035372194,-.071809992,.130555,-.059590161,-.032391071,.098510452,-.073418193
01nov2000,2000m11,-.069251232,.0031583332,-.072409563,-.029091302,.13940449,-.1080043,-.063573644,.24188475,-.078854866
01dec2000,2000m12,-.022693016,.0034788889,-.026171904,-.059309188,.04577709,.0007940121,.00807718,-.030826237,-.035323035
01jan2001,2001m1,.054756407,.0035391669,.051217239,.19797733,-.01103886,-.31613204,.053308487,-.036435492,-.26836887
01feb2001,2001m2,-.10788371,.0030255558,-.11090926,-.051974598,.11805904,.18940391,-.055732992,.15006687,.11588691
01mar2001,2001m3,-.12953338,.0035477777,-.13308115,-.01744899,.051344406,.13437842,.056890219,.10670711,.094919011
02apr2001,2001m4,.122261,.0033249999,.118936,-.050468996,-.020361381,.08573775,-.092885047,-.064899497,.010355262
01may2001,2001m5,.0078694234,.0034788889,.0043905345,-.026935222,.05063333,.040574756,-.0098279873,.051611573,.034958065
01jun2001,2001m6,-.053786207,.0033416669,-.057127874,-.01562075,.074229799,.12286039,-.032867648,.049199708,.040347606
02jul2001,2001m7,-.019918658,.0036597222,-.023578379,-.026955757,.02927395,.060065348,-.046488274,.033754904,.01565587
01aug2001,2001m8,-.077157907,.0036597222,-.080817632,-.044241257,.072440825,.054066781,-.058020175,.083757684,.0031532571
03sep2001,2001m9,-.11590247,.0035500003,-.11945247,.084051654,-.13535829,.2716257,.0089181783,.022066396,.022401899
01oct2001,2001m10,.068993978,.0031947223,.065799259,-.085231043,.066815466,-.18273039,-.070900284,-.023313174,-.0033338759
01nov2001,2001m11,.11788146,.0030750001,.11480646,-.024025625,-.027947646,-.092545845,-.012912122,-.068766415,-.063139319
03dec2001,2001m12,.01658199,.0032119444,.013370045,-.065945327,.0084182676,.11804141,-.048114344,.03875123,.07857383
01jan2002,2002m1,-.059295457,.0032119444,-.062507398,.038798619,.032236617,.0026574044,.060640838,.043873508,.090130746
01feb2002,2002m2,.0070158187,.00294,.0040758187,-.061081804,.040586408,.12281544,-.048877809,.063229114,.080531828
01mar2002,2002m3,.027296564,.0033324999,.023964064,-.0053525921,-.027421514,.034186989,-.01095722,.0069046426,.069162853
01apr2002,2002m4,-.077104732,.0033750001,-.080479734,-.037235528,.051111881,.16398607,.01168313,.099170305,.28122658
01may2002,2002m5,-.059869993,.0036683336,-.063538328,-.024139073,.045214444,.083032623,.0042330856,.08752694,.10842484
03jun2002,2002m6,-.074970216,.0035333331,-.078503549,-.024497615,.052728709,.080133401,-.0038018115,.085586719,.19146177
01jul2002,2002m7,-.10951626,.0036511109,-.11316737,.012262125,-.016214695,.070341893,.054630026,.053180143,.1252901
01aug2002,2002m8,-.026685677,.0036252779,-.030310955,.020401897,.017149512,.045156702,-.041573193,-.025507614,.0054592057
02sep2002,2002m9,-.15033849,.0034666664,-.15380515,.0036713083,.016944796,.13687006,.02340881,.073540695,.25126156
01oct2002,2002m10,.12887318,.0035908334,.12528235,-.0069622374,-.00018726662,-.30212849,-.14148988,-.260528,-.64726895
01nov2002,2002m11,.1282623,.0034,.1248623,.074603654,-.15877879,-.20618935,.0048750439,-.0057451501,-.11025399
02dec2002,2002m12,-.12507838,.0033066666,-.12838505,-.051653098,.06432499,.15250194,-.0051626139,.12654972,.16211733
01jan2003,2003m1,-.036664043,.0031172221,-.039781265,.020414915,.023119548,.0039515248,.012223734,-.013947223,-.082338147
03feb2003,2003m2,-.015870836,.00287,-.018740837,.027952939,.012090138,.038866814,-.006108114,-.005089988,.12712431
03mar2003,2003m3,-.021827666,.0030999999,-.024927666,-.045602437,.071628682,.052867826,-.034793574,.0664097,.03191236
01apr2003,2003m4,.14922789,.00285,.14637789,.10134117,.018148404,-.0055622198,-.043115776,.051462978,-.14386892
01may2003,2003m5,-.0017903231,.0029966666,-.0047869897,.04666958,-.051822893,-.045180347,.075761504,-.027082333,-.069680579
02jun2003,2003m6,.0420857,.0026333334,.039452367,.017285051,-.03219429,-.13144763,-.0010164455,.0098297,-.065869771
01jul2003,2003m7,.070076257,.0024197223,.067656532,-.019909156,.052622549,-.013817921,.0026516505,.04060556,-.1499849
01aug2003,2003m8,.036183264,.0023508333,.033832431,.025385039,-.012629747,-.073713332,.03166765,.049759082,-.045950241
01sep2003,2003m9,-.032065254,.0022750001,-.034340255,.061226413,.017326798,-.074635044,.10657713,-.015827147,.0046740696
01oct2003,2003m10,.089170791,.0023422223,.086828567,-.023569411,.049930319,-.047665592,-.0030004531,.086575389,-.083368242
03nov2003,2003m11,.0041351207,.0022833333,.0018517873,-.009572465,-.0029270481,.032416832,.041960776,-.026642967,.043537028
01dec2003,2003m12,.030989667,.0023422223,.028647445,-.05378281,.040457882,.0006856448,-.031232713,.041179869,-.028472466
01jan2004,2004m1,.058422662,.0023508333,.056071829,.2384928,-.053448942,-.064884141,.16734432,-.10200688,.01707449
02feb2004,2004m2,.037709199,.0020783332,.035630867,.041197367,-.027591687,-.01004456,.0061059832,-.06775216,.024080362
01mar2004,2004m3,-.011617232,.0020925,-.013709732,-.0048550083,.035755984,.0073721902,-.013010287,.022616433,-.013680678
01apr2004,2004m4,.012966428,.0017458333,.011220595,-.028523961,.03656213,.014251411,-.010517471,.040479485,.001616348
03may2004,2004m5,-.011944441,.0017394444,-.013683885,-.026163813,.010639189,.021291066,-.029235126,.012583053,.0054059764
01jun2004,2004m6,.033857029,.0016583333,.032198697,-.031291522,.018618535,.0071130265,-.035157517,.012992349,.014595957
01jul2004,2004m7,-.018543689,.0017050001,-.020248689,-.017714316,.020526882,.012275994,-.041913446,.035185743,-.029196626
02aug2004,2004m8,-.0052068555,.0017179167,-.0069247722,-.01267513,.05221796,.02012522,-.001873808,-.0047291443,-.0021055788
01sep2004,2004m9,.032666173,.0016583333,.031007839,.027108068,.0014840271,.044469677,.046158273,-.010692781,.045944624
01oct2004,2004m10,-.000098177057,.0017136111,-.0018117882,-.021591555,.02961687,-.004180952,-.015272761,.029124945,-.028710291
01nov2004,2004m11,.059253648,.0016666667,.057586983,-.032134201,.026112527,.0015277732,-.0071602757,.049808729,-.005128514
01dec2004,2004m12,.006621833,.0017050001,.0049168328,-.0097008264,.0085693039,.016296573,.024260316,.0022054436,-.017964941
03jan2005,2005m1,.0069684614,.0017136111,.0052548503,.030512061,-.014904884,.017045682,.034623295,-.0084182937,.027801769
01feb2005,2005m2,.046700142,.0015477778,.045152366,-.027389852,.079325065,.039162379,.021795925,.069060899,.021491319
01mar2005,2005m3,.0034718283,.0017222222,.0017496061,.03056396,-.027117908,-.026678573,.03504727,.00032669358,.0070226425
01apr2005,2005m4,-.010452707,.0016541667,-.012106874,-.0080492124,.015909124,.035394363,-.0086849639,-.043371003,.083198383
02may2005,2005m5,.055689428,.0017222222,.053967208,-.036129385,.0033696406,.025448667,-.053134654,-.021180972,.0043577272
01jun2005,2005m6,.041439567,.0016124999,.039827067,-.00029907189,-.029065523,.019930301,.0032689993,-.024408948,.018185638
01jul2005,2005m7,.050015811,.0013002778,.048715532,-.0080975816,.035380565,.048064038,-.025640257,.02541478,.0027447958
01aug2005,2005m8,-.011347406,.0012744445,-.01262185,.012584007,-.016551033,.011181361,.05601646,-.018288288,-.0043762047
01sep2005,2005m9,.056694005,.0012208334,.055473171,.039658442,-.066887096,-.023301722,.033117127,-.061405011,-.00067040324
03oct2005,2005m10,-.019710427,.0012615278,-.020971956,-.024496727,.022769637,.042613782,-.018442767,.041259103,.024476277
01nov2005,2005m11,.040042277,.001225,.038817279,.0010840272,.010888802,-.0024130326,.017463511,.014171703,-.023488665
01dec2005,2005m12,.059313457,.0012658334,.058047622,-.0128229,-.0040316526,.0051153619,.028010929,.012545377,-.013750767
02jan2006,2006m1,.014400312,.0013906944,.013009617,.10243365,-.021441199,-.041772418,.016685691,-.035367563,.030944496
01feb2006,2006m2,.036134105,.0014155556,.034718551,-.014175997,.026483597,.040108353,-.0079069547,.019773833,.041529961
01mar2006,2006m3,.069060847,.0016834723,.067377374,-.031750754,-.0079669766,.019737734,-.04182291,.011241301,.010640674
03apr2006,2006m4,.0092746979,.0016625,.0076121977,-.021410268,.0062180394,.051359586,-.018810075,.053982928,.054889813
01may2006,2006m5,-.079481818,.0017222222,-.081204042,-.017605787,-.011735573,-.012292482,-.032264933,-.0082457215,-.025448568
01jun2006,2006m6,.0092039797,.0017375001,.0074664797,-.032043856,.022577887,-.011469756,-.029555473,-.0057431208,.015044614
03jul2006,2006m7,-.013300831,.0018772223,-.015178054,-.0083870133,.0075815623,.0013526832,-.001247694,.0083893677,-.0058293901
01aug2006,2006m8,.044007462,.0019116667,.042095795,.0031004099,-.016298346,.023374263,-.0043591149,-.014510538,-.0094142873
01sep2006,2006m9,.05206782,.00205,.050017819,.011493666,.0047165947,-.016375046,-.01038925,-.010522489,-.013905612
02oct2006,2006m10,.04528179,.0021441667,.043137625,-.059885547,.015257241,.02783272,-.073381141,.036805101,.020678267
01nov2006,2006m11,-.0093669863,.0022666666,-.011633653,-.024533415,-.024766419,.012317078,.00847199,-.0090382686,-.010425922
01dec2006,2006m12,.083152547,.0024541665,.080698378,-.049334239,.0024303542,.032986965,-.017053938,.017891964,.018718673
01jan2007,2007m1,.032568913,.0025575,.030011414,.14197008,.097045712,-.10548704,.031869248,-.02406005,.024688531
01feb2007,2007m2,-.021887729,.0024305556,-.024318285,.017944291,-.0092120906,-.0010201838,-.0015208032,.0026089428,.0074643428
01mar2007,2007m3,.055733912,.0027727778,.052961133,.021395301,-.0039642137,.06146184,-.0041029784,-.026357222,.034159645
02apr2007,2007m4,.067486033,.0026750001,.064811036,-.02813188,-.015092619,.061385892,-.02219584,-.015683111,.095695078
01may2007,2007m5,.019508362,.0028459723,.016662389,-.046779487,.004310017,.010456106,-.049133003,.00051433174,.012032806
01jun2007,2007m6,-.02226585,.0027291668,-.024995016,.011651467,-.011661232,-.0033785864,.0055090277,-.011656189,.00079950178
02jul2007,2007m7,-.014987848,.0029579166,-.017945765,.0046412922,.03236885,-.0018063867,-.017411789,.01442281,-.0058708014
01aug2007,2007m8,-.026436046,.0029708333,-.029406879,-.0016394301,-.0072570862,.015374206,-.031327792,-.014400952,.038228862
03sep2007,2007m9,-.0039874348,.0029124999,-.0068999347,.0095695388,-.042348247,.0041572354,.0076020611,-.047806852,-.025403574
01oct2007,2007m10,-.019241843,.0030741666,-.022316011,.012177037,-.023381677,-.013211345,.0014589063,-.026721699,-.0019841222
01nov2007,2007m11,-.064876974,.0032625,-.068139471,-.016145721,.013226774,.015949372,-.026783338,.0030563045,.013512421
03dec2007,2007m12,-.019982317,.0033841666,-.023366485,-.0064632869,-.014833461,.0041499045,-.013864134,-.026510458,.026930023
01jan2008,2008m1,-.12273602,.0034702779,-.12620629,.085113831,.031277094,-.055586476,.086649939,.041760147,-.057580288
01feb2008,2008m2,.034345314,.0032463891,.031098925,-.019433707,.0093617421,-.0043535414,-.009212492,.007475201,.020993214
03mar2008,2008m3,-.016469982,.0036511109,-.020121092,-.43896747,.071950525,-.065682195,-.32840869,.085380115,.017207833
01apr2008,2008m4,.049116194,.003425,.045691196,.034602206,-.0032721274,.014429656,-.013002588,.0083648795,-.10119147
01may2008,2008m5,.028626649,.0034788889,.02514776,-.025633529,-.00078136445,.010938705,-.0026415237,-.0095729278,-.013367332
02jun2008,2008m6,-.13981299,.0033583336,-.14317133,.015210959,.014155962,-.0013267025,.026629185,-.013834577,.060890194
01jul2008,2008m7,-.0069383769,.0035477777,-.010486155,-.010803926,-.0013070982,.017751487,-.019766109,-.02876745,.017664447
01aug2008,2008m8,.01255046,.0036511109,.0088993497,-.03455878,-.017662633,-.0039673122,-.032258216,-.01015933,-.034625784
01sep2008,2008m9,-.12325896,.0036000002,-.12685896,-.010864924,.0020148531,.025509045,-.022371156,.00041834265,.032168731
01oct2008,2008m10,-.17769486,.0038319442,-.1815268,.016283453,-.029152974,.034344152,-.024908775,-.045810789,.064643286
03nov2008,2008m11,-.021233605,.0029166667,-.024150271,.024429861,.0097742444,-.031446435,-.019946398,.0068502566,-.046403062
01dec2008,2008m12,.036905579,.0027125,.03419308,-.077389829,.050557449,.039157186,-.10873517,.047938775,.069351099
01jan2009,2009m1,-.056549076,.0013777778,-.057926852,.11354182,.035383306,-.12422012,.2439903,-.098628268,.014035514
02feb2009,2009m2,.028173707,.0010888889,.027084818,-.040933535,.034611486,.028104866,-.058290184,.024220658,.077125043
02mar2009,2009m3,.014511018,.00060105557,.013909962,-.0063146665,.032078478,-.088984489,-.020784987,.11444417,-.12549363
01apr2009,2009m4,.21721384,.00083499996,.21637884,-.076198436,.12455581,-.20779262,-.11581684,.11615045,-.23789796
01may2009,2009m5,.028546436,.00034444444,.028201992,.0066494495,-.012764182,-.029311161,.056029521,.010550229,-.067651987
01jun2009,2009m6,.0098372735,.00041666668,.0094206072,.0074395142,-.0013669359,.017090872,-.027471712,-.022973279,.047006879
01jul2009,2009m7,.10364673,.00034444444,.10330228,-.045973897,.00011740159,.0040680342,-.1172945,.027426016,-.030583642
03aug2009,2009m8,.03398367,.00012916667,.033854503,-.044282418,.072797835,-.080718666,-.052783765,.1373065,-.094796941
01sep2009,2009m9,.0061748135,.00013333333,.0060414802,-.016686635,-.036551721,-.010009566,.030900922,-.023403108,-.038378049
01oct2009,2009m10,.047579464,.000155,.047424465,-.034214646,.00691063,.025853708,-.047042564,-.014847402,.037274249
02nov2009,2009m11,-.000070018206,.00014166666,-.00021168488,-.037853811,-.015148009,.0088764718,-.026415125,-.0089219734,.0010912947
01dec2009,2009m12,.019139649,.00012916667,.019010482,-.023973687,-.023794426,.04530447,-.027772753,.00022956892,.018991299
01jan2010,2010m1,.0080617452,.00017222222,.0078895232,.04633794,-.0056644343,.038072266,.096839003,-.038189694,.0097799907
01feb2010,2010m2,-.0051800525,.00017888889,-.0053589414,-.012997924,-.020682227,.074781016,-.019407321,-.025728932,.052362099
01mar2010,2010m3,.087765776,.00018944444,.08757633,-.047163848,.037065014,.030330701,-.0052753054,-.019162849,.0069065616
01apr2010,2010m4,.042242285,.00020833334,.042033952,-.034040578,.0011039106,.0023872266,-.057340007,.0086258166,-.035533793
03may2010,2010m5,-.068852991,.00021527777,-.069068268,-.032462925,-.0038727038,.035863612,-.010215345,-.023223497,.0032348465
01jun2010,2010m6,.014516269,.00016666666,.014349602,-.017752623,-.020565029,-.012509733,-.052559175,-.010515653,-.040274002
01jul2010,2010m7,.046039023,.00024972222,.045789301,-.038147427,.0037049938,.032244399,-.073846221,.059037142,.099020526
02aug2010,2010m8,-.031699758,.00030138888,-.032001145,.0011423739,.013653558,.032363284,-.0041992273,-.006970637,.016274411
01sep2010,2010m9,.084191248,.00033333333,.083857916,-.069211036,-.025286237,.026352677,-.067218713,-.0094204489,.069600008
01oct2010,2010m10,.00044661929,.00047361112,-.000026991824,-.018414691,.074358247,.0025923308,-.0026032496,.054262403,-.012491321
01nov2010,2010m11,.014343666,.00087499997,.013468666,-.033848424,.012531926,.0046582334,-.046426665,-.020308876,.028055783
01dec2010,2010m12,.058608878,.00096444442,.057644434,-.060550552,.010942462,.017789727,-.040180139,.035829853,.0057735266
03jan2011,2011m1,-.011698592,.0011194444,-.012818036,.07605242,.039057162,.0094989492,.096895233,-.010070118,-.0058725551
01feb2011,2011m2,-.016082099,.0012055555,-.017287655,-.0077934465,-.015898919,.069676571,-.016175717,-.0050342958,.062627189
01mar2011,2011m3,.022711556,.0015499999,.021161556,-.023932539,-.0061747301,.0080054244,.0017671842,.015227241,.0014654051
01apr2011,2011m4,.040186703,.0014083334,.038778368,-.011477433,-.0027338942,.010096875,-.0064361445,-.030600227,.029021932
02may2011,2011m5,-.0053521628,.0015499999,-.0069021629,.003593324,.018429259,.057415385,-.0059256786,-.0064536626,.017278198
01jun2011,2011m6,-.034971867,.0015166667,-.036488533,.032861978,-.02118478,.014009938,-.0039095227,-.027453616,.055759788
01jul2011,2011m7,-.046905093,.0015499999,-.048455093,.021868275,.0050403662,-.010756072,.020604933,.030454807,-.010219049
01aug2011,2011m8,-.10476434,.0015672223,-.10633156,-.015601647,.011177585,.027753688,.001705572,.009585306,-.017271757
01sep2011,2011m9,-.058938865,.0016666667,-.06060553,.037881356,.021193516,.049961902,.00046362728,.015133251,.046257358
03oct2011,2011m10,.088319376,.0015069444,.086812429,-.073628932,.0077376151,.036699381,-.074346103,-.0032590292,.09747687
01nov2011,2011m11,-.014128078,.0015833334,-.015711412,-.025881935,.029851891,.1094393,-.063007817,.014141669,.062951215
01dec2011,2011m12,.011112402,.0016361111,.009476291,-.010706616,-.028299991,-.05540384,-.013644826,.0029092911,-.030448368
02jan2012,2012m1,.058261618,.0014638889,.056797728,.022613367,.027066328,-.032143604,.06812574,-.022475075,-.09195514
01feb2012,2012m2,.063006401,.00145,.061556403,-.021523757,-.0053447932,-.12255693,-.00053977716,.028180074,.031119475
01mar2012,2012m3,-.010326974,.0014208333,-.011747807,-.0065416885,-.051897578,-.016968044,.021579223,-.02142662,.025523473
02apr2012,2012m4,-.0015485978,.0012916666,-.0028402645,-.010544172,.027542366,.029765084,-.023430431,.0058331545,.010488326
01may2012,2012m5,-.065907151,.0013347222,-.06724187,-.0067614117,-.0037034452,.034169666,.0058235712,-.0043210778,.04727757
01jun2012,2012m6,.030376889,.00125,.029126888,-.02105077,.002342809,.011786112,-.050976958,.0036719432,.017312426
02jul2012,2012m7,.041879009,.0011194444,.040759563,-.015311116,-.003048925,.028449535,-.035250232,-.0037138115,.049615066
01aug2012,2012m8,-.022160104,.0012486111,-.023408715,.012231172,-.02326661,-.014859661,.013622365,-.0064686574,.0063728057
03sep2012,2012m9,.030319937,.00125,.029069936,-.019750275,-.068712257,.007182694,-.028234903,-.017019618,.03172192
01oct2012,2012m10,-.014056961,.00096874998,-.015025711,.010011526,.016433045,.0043005953,-.025295388,-.024549026,.004984376
01nov2012,2012m11,.030853234,.0010416667,.029811567,.0033914405,-.0044816756,.011323245,-.04565037,-.0023623332,-.019454699
03dec2012,2012m12,.020550078,.0010591667,.019490911,.048999578,-.13234934,-.035142325,.0079582473,-.028296407,.0025437512
01jan2013,2013m1,.055001598,.00090416661,.054097433,.20491408,-.0012639277,-.13547298,.080614753,-.055896979,-.00038753077
01feb2013,2013m2,.03567493,.00081666664,.034858264,-.029213667,.037651226,.012002584,-.039906345,.057282858,-.016937023
01mar2013,2013m3,.0090667428,.00088694441,.0081797987,.032005828,-.03288405,-.011087502,.041849416,-.015351914,-.0012880304
01apr2013,2013m4,.020614715,.00084166665,.019773049,-.027159279,.00011090096,.026415434,-.034823738,.019472655,-.018347604
01may2013,2013m5,.02139885,.00084388891,.020554962,-.025730895,-.0093592471,-.0054314318,-.0086979037,-.012048858,-.0056423303
03jun2013,2013m6,-.050384607,.00080833334,-.051192939,.034596123,-.056714252,.051142711,.031554323,-.049290538,.020170994
01jul2013,2013m7,.071707651,.00080944446,.070898205,.10161585,.019131053,-.098269999,-.040956654,.0036859252,-.0088640712
01aug2013,2013m8,-.010386535,.00079222221,-.011178757,.021472784,-.051316675,.022191055,.052085664,-.016883757,-.0056797946
02sep2013,2013m9,.040664822,.00079999998,.039864823,.081627078,-.032253668,-.044018622,.014766821,-.035589825,-.040327538
01oct2013,2013m10,.017251855,.0008611111,.016390745,.032116033,.010515105,.026461592,.019943446,.03112852,-.018354865
01nov2013,2013m11,.022729004,.00083333335,.021895671,.0058929832,.010047124,.040404983,.0022712487,.0046393238,.046024706
02dec2013,2013m12,.020934105,.00085163891,.020082466,-.0016335795,.014924857,.0043486403,-.024401333,.014209608,.02412919
01jan2014,2014m1,-.01665739,.00067425001,-.017331639,.091497466,-.0063236682,.00046456821,.10592758,-.029506475,.011812128
03feb2014,2014m2,.06062451,.00059966667,.060024843,-.033502646,.068558298,-.008465847,-.040227871,.054859217,-.024977457
03mar2014,2014m3,.0063898666,.0006639167,.00572595,-.03101733,.020247001,-.0076347422,-.035939157,.0079683773,-.036473345
01apr2014,2014m4,.018951705,.00062416669,.018327538,-.027851107,.0010533787,.014052774,-.020796657,.009674632,-.0081908135
01may2014,2014m5,.037478991,.00064152776,.036837462,.0030752048,.0049917456,.019960262,-.011014858,.0059351912,.046969645
02jun2014,2014m6,-.013510884,.00062249997,-.014133384,.019347884,-.010188682,-.0095567508,.016085628,-.020903202,.02659958
01jul2014,2014m7,-.007400054,.00060019444,-.0080002481,.050958898,-.018232437,-.057114642,.030843755,-.009081373,-.030456301
01aug2014,2014m8,.0064318557,.00021355556,.0062183002,.011057425,-.0045905504,.0021252385,-.017980497,-.034153078,.021291509
01sep2014,2014m9,-.0016361554,.00019999999,-.0018361554,.0048344438,-.012727426,.013167459,-.0021176196,-.0033933362,-.019594003
01oct2014,2014m10,.015534272,.00021441666,.015319856,-.031545855,-.019328564,.0065351296,-.038232591,-.012278669,.0017666165
03nov2014,2014m11,.033615954,.000019999999,.033595953,-.01866531,.021469574,.012406766,-.042439193,.023264125,.021293385
01dec2014,2014m12,.010594952,.000041333333,.010553619,-.049337845,.02108727,.013132488,-.04425722,.01269271,-.020229448
01jan2015,2015m1,.071017697,.00009730555,.070920393,-.0070847101,-.018471388,.057043493,-.028226342,-.030036252,.055599861
02feb2015,2015m2,.080711879,.00007466667,.080637209,-.055213079,.025908636,.0047142692,-.032837126,.060294889,-.027362252
02mar2015,2015m3,.00023326653,0,.00023326653,-.018303785,-.0071580131,.013056723,-.011632365,.053796731,.017624568
01apr2015,2015m4,.0023101596,0,.0023101596,-.0047774357,.014956267,.049348976,.020510647,.011036217,.0088772085
01may2015,2015m5,.012199244,0,.012199244,.0079339463,-.015595194,.017738614,.029350838,.0012377703,-.01205566
01jun2015,2015m6,-.063719444,0,-.063719444,.05261248,-.026460286,-.015490402,.062392525,-.032197557,-.03910283
01jul2015,2015m7,.050049707,0,.050049707,-.027432302,-.040778082,-.033621784,-.025806321,-.019496087,-.0016435971
03aug2015,2015m8,-.059254088,0,-.059254088,.043224487,-.034016553,.058028873,.0233334,-.012567088,.0086221267
01sep2015,2015m9,-.044274516,0,-.044274516,-.016270716,-.04963699,.0033116443,.015079119,-.022329742,-.0099769393
01oct2015,2015m10,.069275513,0,.069275513,-.0067255744,.013889953,-.028263558,-.026016925,-.014475966,-.016000194
02nov2015,2015m11,.036257133,0,.036257133,.069605269,.047105499,-.064463317,.03454623,.031540196,-.039153539
01dec2015,2015m12,-.040318131,0,-.040318131,.004907995,-.031769291,.054788928,.049858976,-.011646065,.044159092
01jan2016,2016m1,-.071356423,0,-.071356423,.040538587,.04926011,-.013828654,.023240395,.035770416,-.031233693
01feb2016,2016m2,.020329667,0,.020329667,.02170934,.024282787,-.043359518,-.023642538,.023470256,-.03705135
01mar2016,2016m3,.019277621,0,.019277621,-.012798882,.0052289497,.013444312,.014858506,-.02176852,.036744338
01apr2016,2016m4,.0091362987,0,.0091362987,.014480805,.0052669216,-.0086152209,.013742345,.012549241,.022854045
02may2016,2016m5,.024948549,0,.024948549,-.046008628,-.02748918,.009558823,-.026040142,-.023037175,.000016482081
01jun2016,2016m6,-.03567645,0,-.03567645,.031857625,.035097148,-.027822625,.026502823,.0056253416,-.035995655
01jul2016,2016m7,.05532546,0,.05532546,.0022137638,.0075254366,.0050431117,.0059912563,-.0039065517,.025484806
01aug2016,2016m8,.024670409,0,.024670409,.0083233304,.0063983239,-.0012705764,.0071478393,.015672969,.011716997
01sep2016,2016m9,.017835448,0,.017835448,.025180005,-.006078342,-.0098516392,-.0048575061,-.0042989459,-.0012305018
03oct2016,2016m10,-.009465334,0,-.009465334,.0084097693,.012648277,.01393829,-.0013756506,.048252147,-.00587417
01nov2016,2016m11,.014410426,0,.014410426,.0064111673,-.012598168,-.032212455,-.0088755805,-.018030526,-.020171184
01dec2016,2016m12,.029204069,0,.029204069,-.026093747,.018178428,.0058075497,-.020823451,.048324239,-.021723699
02jan2017,2017m1,.0069913282,0,.0069913282,,,,-.010654473,-.01598171,.01598171
